Image Index,T1 (Input Processing),T2 (Build Pyramids),T3 (Fuse Pyramids),T4 (Final Output),Total Time
1,0.2719088999874657,0.030554400000255555,0.005191900010686368,0.0005296999879647046,0.06595350000134204,0.37413839998771437
2,0.009859199999482371,0.0020062000112375244,8.55999969644472e-05,0.00016139999206643552,0.05940670000563841,0.07151910000538919
3,0.008619100000942126,0.0016019000031519681,9.139999747276306e-05,0.00016769999638199806,0.058518100006040186,0.06899820000398904
4,0.009220299994922243,0.0013372000103117898,7.709999044891447e-05,0.0001340000017080456,0.057212300001992844,0.06798089999938384
5,0.009811699987039901,0.00185500000952743,8.850000449456275e-05,0.0002052999916486442,0.059759700001450256,0.0717201999941608
6,0.008767100007389672,0.002098700002534315,0.00013929999840911478,0.00015619999612681568,0.05997489999572281,0.07113620000018273
7,0.009021100006066263,0.0016640999965602532,8.759999764151871e-05,0.00015110000094864517,0.05804540000099223,0.06896930000220891
8,0.008906899995054118,0.001799099991330877,0.00010710000060498714,0.00017670000670477748,0.054909099999349564,0.06589889999304432
9,0.008975299992016517,0.002016600003116764,7.219999679364264e-05,0.00013220000255387276,0.0635679999977583,0.0747642999922391
10,0.010124299995368347,0.0019333999953232706,7.190000906120986e-05,0.0001272999943466857,0.05908750000526197,0.07134439999936149
11,0.01193290000082925,0.0019372000097064301,0.00014629999350290745,0.000308899994706735,0.061821399998734705,0.07614669999748003
12,0.009831299990764819,0.0019601000094553456,7.88999896030873e-05,0.00013749999925494194,0.060040700001991354,0.07204849999106955
13,0.01975720000336878,0.0021932999952696264,0.00012940001033712178,0.00020549999317154288,0.061826599994674325,0.0841119999968214
14,0.010322000001906417,0.001928900004713796,0.0001348999940091744,0.00031119999766815454,0.05910230000154115,0.0717992999998387
15,0.009558000005199574,0.0014983000000938773,8.399999933317304e-05,0.00015019999409560114,0.06444109999574721,0.07573159999446943
16,0.009669099992606789,0.0021421999990707263,8.92000098247081e-05,0.0001272999943466857,0.059597700004815124,0.07162550000066403
17,0.00975050000124611,0.0016314999957103282,8.519999391864985e-05,0.0001604999997653067,0.05708660000527743,0.06871429999591783
18,0.00945040000078734,0.0017160999996121973,7.660000119358301e-05,0.00016769999638199806,0.05754359999264125,0.06895439999061637
19,0.00753320001240354,0.0016591999883530661,0.00010230000771116465,0.00016709999181330204,0.05694910000602249,0.06641090000630356
20,0.0075305999926058576,0.0012270000006537884,0.0001311999949393794,0.00023110001347959042,0.05634659998759162,0.06546649998927023
21,0.009372500004246831,0.001364399999147281,8.779999916441739e-05,0.00011629999789875001,0.055368500004988164,0.06630950000544544
22,0.007889100001193583,0.0015155000000959262,8.369999704882503e-05,0.00014709999959450215,0.05355219999910332,0.06318759999703616
23,0.007959599999594502,0.001738499995553866,7.530000584665686e-05,0.00012409999908413738,0.05423059999884572,0.06412809999892488
24,0.009740099994814955,0.0016229000029852614,7.999999797903001e-05,0.00015610000991728157,0.0593242999893846,0.07092339999508113
25,0.008194999987608753,0.0018511000089347363,0.00014770000416319817,0.0002601999876787886,0.05075540000689216,0.061209399995277636
26,0.008405700005823746,0.0012331000034464523,7.470000127796084e-05,0.00011909999011550099,0.055140800002845936,0.0649734000035096
27,0.009550899994792417,0.001560699995025061,0.00011400000948924571,0.00020319999021012336,0.053945899999234825,0.06537469998875167
28,0.008085599998594262,0.001320399998803623,7.259999983943999e-05,0.00016239999968092889,0.05454380001174286,0.06418480000866111
29,0.008346499991603196,0.0012241000076755881,5.94000011915341e-05,0.00013619998935610056,0.05114619999949355,0.060912399989319965
30,0.009183499991195276,0.0015236000035656616,6.289999873843044e-05,0.00010380000458098948,0.06450789999507833,0.07538169999315869
31,0.010978200007230043,0.001909500002511777,8.569999772589654e-05,0.00017630000365898013,0.06451079998805653,0.07766049999918323
32,0.009407799996552058,0.0013829000090481713,6.429999484680593e-05,0.00010710000060498714,0.054582400000072084,0.0655445000011241
33,0.008241700008511543,0.001958399996510707,8.510000770911574e-05,0.0001607999874977395,0.05440160000580363,0.06484760000603274
34,0.008011700003407896,0.0011939999967580661,6.459999713115394e-05,0.00010930000280495733,0.05334140000923071,0.06272100000933278
35,0.009176399995340034,0.0015386000013677403,7.490000280085951e-05,0.00017129999469034374,0.0536780000111321,0.06463920000533108
36,0.009416399989277124,0.0023210000072140247,7.090000144671649e-05,0.00010829999519046396,0.054642100003547966,0.0665586999966763
37,0.008236900001065806,0.0013474000006681308,7.300000288523734e-05,0.0001053000014508143,0.05116069999348838,0.06092329999955837
38,0.009253799988073297,0.001550800006953068,8.230000094044954e-05,0.00013800000306218863,0.05663159998948686,0.06765649998851586
39,0.007832000002963468,0.0011953999928664416,7.130000449251384e-05,0.00010730000212788582,0.050171599999885075,0.059377600002335384
40,0.008197200004360639,0.0014979999978095293,7.090000144671649e-05,0.00013169999874662608,0.0518889999948442,0.06178679999720771
41,0.008654499994008802,0.0013497000036295503,6.210000719875097e-05,0.00012369999603834003,0.053520899993600324,0.06371089999447577
42,0.007998399989446625,0.0018992000113939866,9.14999982342124e-05,0.0001396000006934628,0.058695999992778525,0.06882469999254681
43,0.009028000000398606,0.001269699991098605,5.9600002714432776e-05,0.00011079999967478216,0.053074900002684444,0.06354299999657087
44,0.008105500004603527,0.0013080000062473118,7.909999112598598e-05,0.00014519999967887998,0.05573079999885522,0.06536860000051092
45,0.008736600007978268,0.0015653000009479001,9.609998960513622e-05,0.00019869999960064888,0.0514887000026647,0.06208540000079665
46,0.009542700005113147,0.0014243000041460618,8.3099992480129e-05,0.00011870000162161887,0.052460599996265955,0.06362939999962691
47,0.00841930000751745,0.0014967000024626032,6.369999027810991e-05,0.00012070000229869038,0.05351110000628978,0.06361150000884663
48,0.008056000006035902,0.001440699998056516,6.579999171663076e-05,0.00018500001169741154,0.05800910000107251,0.06775660000857897
49,0.009264100008294918,0.0013373999972827733,7.449999975506216e-05,0.00012939999578520656,0.0563657000020612,0.06717110000317916
50,0.00759249999828171,0.001749599992763251,0.00010250000923406333,0.0001433999859727919,0.054109800010337494,0.06369779999658931
51,0.00811180000891909,0.0014193999959388748,6.86999992467463e-05,0.0001269000058528036,0.0631466999911936,0.07287350000115111
52,0.009224900000845082,0.0016736999968998134,8.820000221021473e-05,0.00014099999680183828,0.051374699993175454,0.0625024999899324
53,0.008716399999684654,0.0013435000000754371,5.950000195298344e-05,0.00010679999832063913,0.05416220000188332,0.06438840000191703
54,0.007856700001866557,0.001141099986853078,5.8900011936202645e-05,0.00010399999155197293,0.05708739999681711,0.06624809998902492
55,0.008550299986382015,0.0012443000014172867,6.720000237692147e-05,0.00010600000678095967,0.05400839999492746,0.06397619999188464
56,0.008345299997017719,0.0011596999975154176,5.919999966863543e-05,0.00011890000314451754,0.055088099994463846,0.06477119999181014
57,0.008652399992570281,0.0016776999982539564,0.00010130000009667128,0.00016150000737980008,0.056310499989194795,0.0669033999874955
58,0.010205900005530566,0.0014330999983940274,0.000106100007542409,0.00014369998825713992,0.05624650001118425,0.0681353000109084
59,0.008299900000565685,0.0012235999893164262,6.800000846851617e-05,0.00011529999028425664,0.0652783000114141,0.07498510000004899
60,0.009452400001464412,0.0012587000092025846,5.8599995099939406e-05,0.0001053000014508143,0.053917999990517274,0.06479299999773502
61,0.009124899996095337,0.0016964999958872795,9.169999975711107e-05,0.00012880000576842576,0.05536649998975918,0.06640839998726733
62,0.00863339999341406,0.0014889000012772158,7.970001024659723e-05,0.00013219998800195754,0.05543010000837967,0.0657643000013195
63,0.00925400000414811,0.0014577999972971156,7.080000068526715e-05,0.00012670000432990491,0.05656089998956304,0.06747019999602344
64,0.009018299999297597,0.0014056999934837222,7.010000990703702e-05,0.00012879999121651053,0.05492390001018066,0.06554680000408553
65,0.00885030000063125,0.0012992999982088804,6.480001320596784e-05,0.00010979999206028879,0.05336239999451209,0.06368659999861848
66,0.008973599993623793,0.0013376999995671213,7.12000037310645e-05,0.00011029999586753547,0.05337220001092646,0.06386500000371598
67,0.007887799991294742,0.0012244000099599361,5.9699988923966885e-05,0.00011670000094454736,0.05634520000603516,0.06563379999715835
68,0.009606199993868358,0.0015473000094061717,6.409999332390726e-05,0.000148899998748675,0.052085899995290674,0.06345239999063779
69,0.008592800004407763,0.0014102999994065613,7.320000440813601e-05,0.00014340000052470714,0.05466329999035224,0.06488299999909941
70,0.008910600008675829,0.0016925999952945858,7.520000508520752e-05,0.00016450000111944973,0.05615560000296682,0.06699850001314189
71,0.008612499994342215,0.0013617000076919794,7.609999738633633e-05,0.00013080000644549727,0.05263929998909589,0.06282039999496192
72,0.009503599998424761,0.0016097000043373555,7.520000508520752e-05,0.00013279999257065356,0.05266650000703521,0.06398780000745319
73,0.007895700007793494,0.0014808999985689297,8.410000009462237e-05,0.00017919999663718045,0.052791100009926595,0.06243100001302082
74,0.008125299995299429,0.0013516000035451725,6.939999002497643e-05,0.00012620000052265823,0.06137190001027193,0.07104439999966417
75,0.009159600012935698,0.0017907999863382429,7.280000136233866e-05,0.00014060000830795616,0.056343799995374866,0.0675076000043191
76,0.008970800001407042,0.0014889000012772158,6.880000000819564e-05,0.00011979999544564635,0.05372700000589248,0.06437530000403058
77,0.008251299994299188,0.0012036999978590757,5.870001041330397e-05,0.00010329998622182757,0.06272440000611823,0.07234139999491163
78,0.009081900003366172,0.0013827999937348068,0.0001472000003559515,0.00015730000450275838,0.06313499998941552,0.07390419999137521
79,0.008704799998668022,0.001509900001110509,0.00010140000085812062,0.0001390999968862161,0.06079950000275858,0.07125470000028145
80,0.009196700004395097,0.0017502999980933964,0.00011159999121446162,0.00019630001042969525,0.06144320000021253,0.07269810000434518
81,0.007758099993225187,0.0015067000058479607,0.0001092999882530421,0.0001478000049246475,0.059544899995671585,0.06906679998792242
82,0.009475099999690428,0.0014904000126989558,6.880000000819564e-05,0.00013609998859465122,0.06489200000942219,0.07606240001041442
83,0.008883300004526973,0.0012506999919423833,6.750000466126949e-05,0.00012209999840706587,0.05916319999960251,0.0694867999991402
84,0.009459900000365451,0.0012866000033682212,5.8999998145736754e-05,0.00011510000331327319,0.06416120000358205,0.07508180000877474
85,0.00832510000327602,0.001768000001902692,7.110000296961516e-05,0.00010720000136643648,0.06297259998973459,0.07324399999924935
86,0.009202699991874397,0.001180999999633059,5.94000011915341e-05,0.00010560000373516232,0.05888799999956973,0.06943669999600388
87,0.009959599992725998,0.0016605000128038228,6.479999865405262e-05,0.00010609999299049377,0.06923890000325628,0.08102990000043064
88,0.009418100002221763,0.0016308999911416322,7.239999831654131e-05,0.00010910000128205866,0.06393920000118669,0.07516969999414869
89,0.008775900001637638,0.0013828999944962561,6.9500005338341e-05,0.0001362000039080158,0.07084069999109488,0.08120519999647513
90,0.009476299994275905,0.0014858000067761168,0.00010609999299049377,0.00015300000086426735,0.06328990000474732,0.0745110999996541
91,0.007655199995497242,0.0014250999956857413,0.0001410000113537535,0.0001568999869050458,0.060197000013431534,0.06957520000287332
92,0.009240200000931509,0.001416999992216006,7.20000098226592e-05,0.00010779999138321728,0.062262299994472414,0.0730992999888258
93,0.008827300000120886,0.003625599987572059,0.00010130000009667128,0.00012090000382158905,0.06014549999963492,0.07282059999124613
94,0.009170599994831719,0.0014916000072844326,6.839999696239829e-05,0.0001218999968841672,0.0664556999981869,0.07730819999414962
95,0.009090600011404604,0.0014359999913722277,6.320000102277845e-05,0.00010750000365078449,0.06367859999591019,0.07437590000336058
96,0.009312299996963702,0.0014147000038065016,0.00010720000136643648,0.00013610000314656645,0.06320089999644551,0.07417120000172872
97,0.009025599996675737,0.0015347000007750466,6.2700011767447e-05,0.00010549998842179775,0.06158290000166744,0.07231139999930747
98,0.00969700000132434,0.0015847000031499192,9.729999874252826e-05,0.00012929999502375722,0.06557829999655951,0.07708659999480005
99,0.00836880000133533,0.001465299996198155,6.53000024612993e-05,0.00011189999349880964,0.05942459999641869,0.06943589998991229
100,0.00886660000833217,0.0013584999978775159,6.910000229254365e-05,0.0001345999917248264,0.07283270001062192,0.08326150001084898
101,0.008400299993809313,0.0015540000022156164,8.080000407062471e-05,0.00014279999595601112,0.05872369999997318,0.06890159999602474
102,0.009983199997805059,0.0015112999972188845,7.2900002123788e-05,0.000119399992399849,0.061620000007678755,0.07330679999722634
103,0.009059999996679835,0.0015435999957844615,6.900000153109431e-05,0.00012599999899975955,0.06614330000593327,0.07694189999892842
104,0.009652799999457784,0.0016099999920697883,7.500000356230885e-05,0.00013309999485500157,0.06170820000988897,0.07317909999983385
105,0.008418400000664406,0.001250599991180934,5.980000423733145e-05,0.00011300000187475234,0.06730290000268724,0.07714470000064466
106,0.009356800001114607,0.0014229999942472205,6.920000305399299e-05,0.00010800000745803118,0.06152079999446869,0.07247780000034254
107,0.008281000002170913,0.0012275999906705692,8.140000863932073e-05,0.00013420000323094428,0.064451399986865,0.07417559999157675
108,0.00911640000413172,0.0014576999965356663,6.920000305399299e-05,0.00012650000280700624,0.05967580000287853,0.07044560000940692
109,0.007861200007027946,0.001426200004061684,6.009999196976423e-05,0.00012850000348407775,0.06532320000405889,0.07479920001060236
110,0.009373599998070858,0.0014173000090522692,6.479999865405262e-05,0.00012650000280700624,0.06670989999838639,0.07769210000697058
111,0.008022699999855831,0.0015485000039916486,8.589999924879521e-05,0.0001858999894466251,0.0696355000109179,0.0794785000034608
112,0.00852370000211522,0.0013664999860338867,6.090001261327416e-05,0.00010369998926762491,0.07157450000522658,0.08162929999525659
113,0.00834519999625627,0.0012687999987974763,6.180000491440296e-05,0.00010580000525806099,0.057072999989031814,0.06685459999425802
114,0.008673399992403574,0.0014761000056751072,7.329999061767012e-05,0.00013700000999961048,0.07347779998963233,0.08383759998832829
115,0.008613500001956709,0.00243719998979941,7.350000669248402e-05,0.00012519999290816486,0.05871080000360962,0.06996019999496639
116,0.009208499992382713,0.0012464000028558075,6.180000491440296e-05,0.00010889999975915998,0.0640306999994209,0.07465629999933299
117,0.009022900005220436,0.0016049999976530671,8.299999171867967e-05,0.00012740000966005027,0.06712379999225959,0.07796209999651182
118,0.008602300003985874,0.0014488000015262514,8.919999527279288e-05,0.0002125000028172508,0.061943099994095974,0.07229589999769814
119,0.008440199992037378,0.0021274000027915463,7.480000203941017e-05,0.0001588000013725832,0.07611880000331439,0.08692000000155531
120,0.008693499999935739,0.0014980999985709786,7.270000060088933e-05,0.00012840000272262841,0.07106669999484438,0.08145939999667462
121,0.007579600001918152,0.0014830000000074506,7.429999823216349e-05,0.0001049999991664663,0.06884239999635611,0.07808429999568034
122,0.009288500004913658,0.001413299993146211,7.860000187065452e-05,0.00012650000280700624,0.06735670000489336,0.07826360000763088
123,0.008727000007638708,0.0016005999932531267,8.709999383427203e-05,0.0003167000104440376,0.06570859999919776,0.0764400000043679
124,0.008862099988618866,0.0021019999985583127,7.069999992381781e-05,0.00012700000661425292,0.0852121000061743,0.09637389999988955
125,0.008420600002864376,0.0012098000006517395,6.209999264683574e-05,0.00012599999899975955,0.07312110000930261,0.08293960000446532
126,0.009333099995274097,0.001480900013120845,0.00010739998833741993,0.00015940000594127923,0.06930400000419468,0.08038480000686832
127,0.008265000011306256,0.0015065999905345961,9.210000280290842e-05,0.00014400000509340316,0.19341239999630488,0.20342010000604205
128,0.010183099991991185,0.0015080000011948869,6.770000618416816e-05,0.00013279999257065356,0.07081200000538956,0.08270359999733046
129,0.002970000001369044,0.0013591000024462119,6.310000026132911e-05,0.00011940000695176423,0.015126499987673014,0.019638099998701364
130,0.003308400002424605,0.0013315999967744574,6.520000169984996e-05,0.00011779999476857483,0.01676939999742899,0.02159239999309648
131,0.0026717000000644475,0.0013124999968567863,7.429999823216349e-05,0.00012769999739248306,0.01736240000172984,0.02154859999427572
132,0.010295800006133504,0.001602799995453097,7.029999687802047e-05,0.00012680000509135425,0.06774479999148753,0.0798404999950435
133,0.00791919999755919,0.0013808000076096505,9.869999485090375e-05,0.00017329999536741525,0.06617820000974461,0.07575020000513177
134,0.009341199998743832,0.0013868999958503991,6.86999992467463e-05,0.0001373999984934926,0.07637460000114515,0.08730879999347962
135,0.009660399999120273,0.001817800002754666,9.649999265093356e-05,0.0001903000083984807,0.08037299998977687,0.09213799999270122
136,0.008416500000748783,0.0015100999880814925,9.100000897888094e-05,0.00011339999036863446,0.07519240000692662,0.08532339999510441
137,0.008318899999721907,0.0012543000048026443,6.10999995842576e-05,0.0001218999968841672,0.07406549999723211,0.08382169999822509
138,0.009221800006343983,0.0019314999954076484,6.70000008540228e-05,0.00019530000281520188,0.07180729998799507,0.08322289999341592
139,0.008842700000968762,0.0030187999946065247,9.329999738838524e-05,0.00020870000298600644,0.08132519999344368,0.09348869998939335
140,0.00887249999505002,0.0016186000138986856,6.949999078642577e-05,0.00012799999967683107,0.07659569999668747,0.08728429999609943
141,0.008058100007474422,0.0012457999982871115,6.409999332390726e-05,0.00012150000839028507,0.0688703999912832,0.07835989999875892
142,0.008715300005860627,0.0015925999905448407,6.350000330712646e-05,0.00011219999578315765,0.07055350000155158,0.08103709999704733
143,0.007652200001757592,0.0012171999987913296,5.8599995099939406e-05,0.00012340000830590725,0.07251189999806229,0.08156330000201706
144,0.00962670000444632,0.0013595000054920092,6.86999992467463e-05,0.00012739999510813504,0.06847830000333488,0.07966060000762809
145,0.008053500001551583,0.001152700002421625,5.94000011915341e-05,0.00012179999612271786,0.07389820000389591,0.08328560000518337
146,0.008512999993399717,0.001604000004590489,6.560000474564731e-05,0.00010679999832063913,0.07247610000194982,0.08276550000300631
147,0.008363399989320897,0.0011541000130819157,6.399999256245792e-05,0.0001596000074641779,0.07244549998722505,0.0821865999896545
148,0.010110200004419312,0.001736300007905811,0.00014099999680183828,0.00013669999316334724,0.06954620000033174,0.08167040000262205
149,0.004402299993671477,0.001265600003534928,6.370000483002514e-05,0.00010539998766034842,0.03786250000121072,0.0436994999909075
150,0.004718299998785369,0.0014833000022917986,7.419999747071415e-05,0.00016730000788811594,0.0388840999949025,0.0453272000013385
151,0.00641390000237152,0.0021446999890031293,6.040000880602747e-05,0.00010770000517368317,0.03471739999076817,0.04344409999612253
152,0.004797600005986169,0.0020579999982146546,6.350000330712646e-05,0.0001049999991664663,0.033683699992252514,0.04070779999892693
153,0.008810899991658516,0.0015512999962083995,7.170000753831118e-05,0.00014629999350290745,0.06742140000278596,0.07800159999169409
154,0.008744300008402206,0.0012630999990506098,6.340000254567713e-05,0.00012399999832268804,0.07691720000002533,0.08711200000834651
155,0.008455900009721518,0.0012846999889006838,6.0300008044578135e-05,0.00012149999383836985,0.06902560000889935,0.0789480000094045
156,0.009567100001731887,0.0024849999899743125,9.780000254977494e-05,0.0002099999983329326,0.0793889000051422,0.09174879999773111
157,0.008203899997170083,0.0015390000044135377,7.699998968746513e-05,0.0001069000136340037,0.0655984999903012,0.0755252999952063
158,0.009342899997136556,0.0013430999970296398,7.470000127796084e-05,0.0001520000078016892,0.0681270999921253,0.07903979999537114
159,0.008484399993903935,0.0017700000025797635,8.72999953571707e-05,0.00012900000729132444,0.07241329998942092,0.08288399998855311
160,0.008858999994117767,0.0016774999967310578,0.00013610000314656645,0.00014250000822357833,0.07243029998790007,0.08324539999011904
161,0.008986999993794598,0.0014303000061772764,7.080000068526715e-05,0.0001053000014508143,0.06334449999849312,0.07393790000060108
162,0.009030600005644374,0.0016490999987581745,8.569999772589654e-05,0.00014170000213198364,0.0760974000004353,0.08700450000469573
163,0.008474899994325824,0.0014116999955149367,8.230000094044954e-05,0.00018990000535268337,0.0768878999951994,0.0870466999913333
164,0.008609500000602566,0.0013945999962743372,7.059999916236848e-05,0.00012519999290816486,0.06685640000796411,0.07705629999691155
165,0.00870440001017414,0.0014567000034730881,6.769999163225293e-05,0.00010560000373516232,0.06851679999090265,0.0788511999999173
166,0.00898070000403095,0.0033345999981975183,8.800000068731606e-05,0.00011470000026747584,0.07617309999477584,0.0886910999979591
167,0.00841710000531748,0.001222899998538196,6.299999949987978e-05,0.00010520000068936497,0.07778360000520479,0.08759180000924971
168,0.009120799993979745,0.0016596000059507787,0.00012280000373721123,0.0002280999906361103,0.0706211000069743,0.08175240000127815
169,0.009546200002660044,0.0022121000074548647,7.299998833332211e-05,0.00015870000061113387,0.06651540000166278,0.07850540000072215
170,0.008515100009390153,0.0014634999970439821,6.53000024612993e-05,0.00014649999502580613,0.0676272999990033,0.07781770000292454
171,0.008222699994803406,0.001335199995082803,6.2700011767447e-05,0.00012179999612271786,0.06798849999904633,0.0777308999968227
172,0.009397500005434267,0.0013877000019419938,6.92999892635271e-05,0.00013630000466946512,0.06363819999387488,0.07462899999518413
173,0.008344799993210472,0.002020600004470907,7.439999899361283e-05,0.0001917000045068562,0.07390839999425225,0.0845398999954341
174,0.009422100003575906,0.001412999990861863,8.510000770911574e-05,0.000149500003317371,0.06924509999225847,0.08031479999772273
175,0.0024520000006305054,0.0013058000040473416,9.529999806545675e-05,0.00014620000729337335,0.012544099998194724,0.0165434000082314
176,0.002639300000737421,0.0021241000067675486,8.679999154992402e-05,0.00011480000102892518,0.014156200006254949,0.019121200006338768
177,0.0023428999993484467,0.002038699996774085,6.860001303721219e-05,0.00013979998766444623,0.012720200000330806,0.017310199997154996
178,0.002873000004910864,0.0013238999963505194,7.019999611657113e-05,0.00013500000932253897,0.011497599989525042,0.015899699996225536
179,0.00276690001192037,0.001680000001215376,0.0001492999872425571,0.00022510001144837588,0.011660699994536117,0.016482000006362796
180,0.009143399991444312,0.0011726000084308907,5.9699988923966885e-05,0.00010660001134965569,0.0635576999920886,0.07403999999223743
181,0.009446800002478994,0.0014388999989023432,7.270000060088933e-05,0.00011079999967478216,0.07188839999435004,0.08295759999600705
182,0.009180699998978525,0.0017281000036746264,7.319998985622078e-05,0.0001277999981539324,0.0775634000019636,0.0886731999926269
183,0.009417199995368719,0.0011793000012403354,6.089999806135893e-05,0.00010810000821948051,0.06591910000133794,0.07668460000422783
184,0.008649100011098199,0.001593900000443682,7.2900002123788e-05,0.00011399999493733048,0.06217619999370072,0.07260610000230372
185,0.007716499996604398,0.0014258000010158867,7.510000432375818e-05,0.00014319999900180846,0.05998859999817796,0.06934919999912381
186,0.0025634999910835177,0.0012549000093713403,6.120000034570694e-05,0.0001066999975591898,0.00999039999442175,0.013976699992781505
187,0.0025034999998752028,0.0017645000043557957,7.510000432375818e-05,0.00014689999807160348,0.009588700006133877,0.014078700012760237
188,0.002071599999908358,0.001516000003903173,7.539999205619097e-05,0.00012600001355167478,0.00905709998914972,0.012846099998569116
189,0.001873500004876405,0.0012559000024339184,7.399999594781548e-05,0.00011520000407472253,0.008547799996449612,0.011866400003782474
190,0.009463399997912347,0.0017731999978423119,8.719999459572136e-05,0.00012660000356845558,0.08158080000430346,0.09303119999822229
191,0.008460099998046644,0.0012233000015839934,7.080000068526715e-05,0.00010720000136643648,0.07581509998999536,0.0856764999916777
192,0.008722800004761666,0.0013004000065848231,6.569999095518142e-05,0.00015900000289548188,0.07390400000440422,0.08415190000960138
193,0.008414399999310263,0.0022638000082224607,8.13999940874055e-05,0.00012840000272262841,0.06999340000038501,0.08088140000472777
194,0.008844900003168732,0.0013712999934796244,9.470000804867595e-05,0.00014259999443311244,0.06786769999598619,0.07832119999511633
195,0.00841999999829568,0.0017671999958110973,8.560001151636243e-05,0.00014799999189563096,0.08487839999725111,0.09529919999476988
196,0.009594100003596395,0.0016047999961301684,7.890000415500253e-05,0.00013049998960923404,0.06211530001019128,0.07352360000368208
197,0.008334500002092682,0.0019921000057365745,7.599999662488699e-05,0.00013970000145491213,0.06874600000446662,0.07928830001037568
198,0.008413999996264465,0.0011737000022549182,5.8999998145736754e-05,0.00010580000525806099,0.06393980000575539,0.07369230000767857
199,0.010032900012447499,0.001464999993913807,7.690000347793102e-05,0.00012209999840706587,0.061449499989976175,0.07314639999822248
200,0.009698499998194166,0.0015933999966364354,7.650000043213367e-05,0.00014590000500902534,0.07371719999355264,0.0852314999938244
201,0.008728700006031431,0.0014930999896023422,7.480000203941017e-05,0.00011059999815188348,0.06612899999890942,0.07653619999473449
202,0.009392199994181283,0.0016638000088278204,6.819999543949962e-05,0.00011819999781437218,0.07326790000661276,0.08451030000287574
203,0.008711899994523264,0.0017829999997047707,6.560000474564731e-05,0.0001109000004362315,0.0698866999882739,0.08055809998768382
204,0.009299700002884492,0.0014086999872233719,7.12000037310645e-05,0.00015920000441838056,0.06874950000201352,0.07968830000027083
205,0.009255099997972138,0.0014821000077063218,6.310000026132911e-05,0.00012139999307692051,0.07245839999814052,0.08338009999715723
206,0.009336699993582442,0.0016747000045143068,8.469999011140317e-05,0.00013500000932253897,0.06975779999629594,0.08098889999382664
207,0.007673500003875233,0.0017459999944549054,8.230000094044954e-05,0.00011419999646022916,0.06479869999748189,0.07441469999321271
208,0.008940600004279986,0.0017107000021496788,7.259999983943999e-05,0.00013899999612476677,0.06650499999523163,0.0773678999976255
209,0.008278799999970943,0.001179200000478886,6.779999239370227e-05,0.00010479999764356762,0.06228939999709837,0.07191999998758547
210,0.009282499988330528,0.002003600005991757,7.559999357908964e-05,0.0001432000135537237,0.07760169998800848,0.08910659998946358
211,0.00820880000537727,0.001439700004993938,7.139999070204794e-05,0.0001779000012902543,0.06489950000832323,0.07479730001068674
212,0.009549600013997406,0.001747999995131977,9.050000517163426e-05,0.00016759999562054873,0.06870439999329392,0.08026010000321548
213,0.008763499994529411,0.0012663999950746074,6.27999979769811e-05,0.00010540000221226364,0.07385480000812095,0.08405289999791421
214,0.009331699999165721,0.0022475000005215406,6.939999002497643e-05,0.00011190000805072486,0.06899810000322759,0.08075860000099055
215,0.00849930000549648,0.0018727999995462596,9.129999671131372e-05,0.00014509999891743064,0.07818100000440609,0.08878950000507757
216,0.009484200010774657,0.0017451999883633107,8.410000009462237e-05,0.00012769999739248306,0.06620160001330078,0.07764280000992585
217,0.009612300011212938,0.0023889000003691763,0.00011779999476857483,0.0002997999981744215,0.06745709999813698,0.07987590000266209
218,0.009672400003182702,0.0018303999968338758,7.79999973019585e-05,0.00013640000543091446,0.06583769999269862,0.07755489999544807
219,0.008048200004850514,0.0023096999939298257,6.340000254567713e-05,0.00010699999984353781,0.2640512000070885,0.27457950000825804
220,0.009190800003125332,0.001210899994475767,5.8600009651854634e-05,0.00010389999079052359,0.06964440000592731,0.08020860000397079
221,0.008762699988437817,0.0013795000122627243,8.119999256450683e-05,0.00013359999866224825,0.06951420000405051,0.0798711999959778
222,0.009560999998939224,0.0018498999997973442,6.10999995842576e-05,0.00011910000466741621,0.08211089999531396,0.0937019999983022
223,0.008464799990179017,0.0020469000010052696,7.999999797903001e-05,0.00013210000179242343,0.06322280000313185,0.07394659999408759
224,0.009245799999916926,0.0014109000039752573,7.700000423938036e-05,0.00013949999993201345,0.07703079999191687,0.08790399999998044
225,0.008508200000505894,0.0016013000131351873,6.949999078642577e-05,0.00013070000568404794,0.0706268999929307,0.08093660000304226
226,0.008923900008085184,0.0020542999991448596,7.249999907799065e-05,0.00012870000500697643,0.06030749999627005,0.07148690000758506
227,0.007928700011689216,0.0011498999956529588,5.919999966863543e-05,0.00010570000449661165,0.06454639999719802,0.07378990000870544
228,0.009244900007615797,0.0016279999981634319,7.019999611657113e-05,0.0001281000004382804,0.06357179999758955,0.07464299999992363
229,0.009183999995002523,0.0015120000025490299,8.549999620299786e-05,0.00011819999781437218,0.07642199999827426,0.08732169998984318
230,0.007991700011189096,0.002413199996226467,6.160000339150429e-05,0.00010579999070614576,0.06826709999586456,0.07883939999737777
231,0.008072999989963137,0.0014676999999210238,5.919999966863543e-05,0.00011310000263620168,0.06391640000219923,0.07362939999438822
232,0.009277299992390908,0.0018283999961568043,7.350000669248402e-05,0.00011569999333005399,0.07075900000927504,0.08205389999784529
233,0.009520099993096665,0.002120800010743551,6.409999332390726e-05,0.00014640000881627202,0.06716529998811893,0.07901669999409933
234,0.009189899996272288,0.0017235999985132366,9.110000974033028e-05,0.00013819999003317207,0.07138249999843538,0.0825252999929944
235,0.007689399993978441,0.0014861000090604648,9.949998639058322e-05,0.00016760001017246395,0.07783680000284221,0.08727940000244416
236,0.00940660000196658,0.0016703000001143664,7.300000288523734e-05,0.00015530000382568687,0.07598339999094605,0.08728859999973793
237,0.008226899997680448,0.0015325999993365258,7.03999976394698e-05,0.00011130000348202884,0.0651856000040425,0.07512680000218097
238,0.008737199997995049,0.00233430000662338,6.95999915478751e-05,0.0001351000100839883,0.0696892999985721,0.08096550000482239
239,0.008459999997285195,0.0023772999993525445,0.00010279999696649611,0.00018480001017451286,0.07797629998822231,0.08910119999200106
240,0.009073699999134988,0.0013303000014275312,6.800000846851617e-05,0.00010340000153519213,0.06887309999729041,0.07944850000785664
241,0.008329800009960309,0.0023550999903818592,7.740000728517771e-05,0.00010629999451339245,0.06675979999999981,0.07762840000214055
242,0.00840510000125505,0.0013011999981245026,0.00018760000239126384,0.0002935999946203083,0.062481600005412474,0.0726691000018036
243,0.008779600000707433,0.001502200000686571,8.700000762473792e-05,0.00015690000145696104,0.06410559998766985,0.07463129999814555
244,0.008662699998239987,0.0014962999994168058,8.789999992586672e-05,0.00012599999899975955,0.07001219999801833,0.08038509999460075
245,0.00685239999438636,0.004566300005535595,7.310000364668667e-05,0.0003875999973388389,0.02898839999397751,0.04086779999488499
246,0.0036543000023812056,0.001713599995127879,6.260001100599766e-05,0.00010459999612066895,0.03065519999654498,0.03619030000118073
247,0.004990300003555603,0.002580500004114583,6.679999933112413e-05,0.00010740000288933516,0.026635699992766604,0.03438070000265725
248,0.005667899997206405,0.0017949999892152846,6.36000040685758e-05,0.000106100007542409,0.024489899995387532,0.032122499993420206
249,0.008614699996542186,0.0012875999964307994,6.479999865405262e-05,0.00011040001118090004,0.06739159999415278,0.07746909999696072
250,0.008513399996445514,0.0016497000033268705,6.340000254567713e-05,0.00010429999383632094,0.06292370001028758,0.07325450000644196
251,0.009212399992975406,0.0015933000104269013,9.259999205823988e-05,0.000152900000102818,0.06638970000494737,0.07744090000051074
252,0.008585500007029623,0.0016199999954551458,6.330000178422779e-05,0.00010769999062176794,0.06971150000754278,0.08008800000243355
253,0.009018299999297597,0.0016390000091632828,6.949999078642577e-05,0.00012670000432990491,0.07330519999959506,0.08415870000317227
254,0.008645499998237938,0.0014030000020284206,0.00010479999764356762,0.00012040000001434237,0.06401450000703335,0.07428820000495762
255,0.0089694999915082,0.0017401000077370554,7.110000296961516e-05,0.00014939998800400645,0.06589969999913592,0.0768297999893548
256,0.008269000012660399,0.0017246999923372641,7.989999721758068e-05,0.00013700000999961048,0.06390019999525975,0.07411080000747461
257,0.009122599993133917,0.0013777999993180856,6.390000635292381e-05,0.00010629999451339245,0.07676779999746941,0.08743839999078773
258,0.008458900003461167,0.0011966000020038337,6.120000034570694e-05,0.00010540000221226364,0.07934779999777675,0.08916990000579972
259,0.00917999999364838,0.0025811999948928133,6.500000017695129e-05,0.00011680000170599669,0.06814099999610335,0.08008399998652749
260,0.009671700012404472,0.002401699995971285,0.00010599999222904444,0.0001728000061120838,0.07624870000290684,0.08860090000962373
261,0.009448500000871718,0.0016709000046830624,9.809999028220773e-05,0.00011839999933727086,0.07950700000219513,0.09084289999736939
262,0.008938400002080016,0.0015961000026436523,8.480000542476773e-05,0.0006046999915270135,0.11356520000845194,0.12478920001012739
263,0.006715700001223013,0.0013707000034628436,6.459999713115394e-05,0.0001314999972237274,0.04128170000331011,0.049564200002350844
264,0.008638600003905594,0.0013470999983837828,9.020000288728625e-05,0.00012169999536126852,0.07010890000674408,0.08030650000728201
265,0.009358900002553128,0.0018488999921828508,0.00010760000441223383,0.00020120000408496708,0.073524899999029,0.08504150000226218
266,0.008927899994887412,0.0017491000035079196,8.889999298844486e-05,0.00011140000424347818,0.07403390000399668,0.08491119999962393
267,0.009960799987311475,0.0020074000058230013,0.00010679999832063913,0.0001669000048423186,0.07415970000147354,0.08640159999777097
268,0.00977029999194201,0.0020706000068457797,0.00013580000086221844,0.0001894999877549708,0.06612100001075305,0.07828719999815803
269,0.00940450000052806,0.0016451999981654808,8.510000770911574e-05,0.0002001999964704737,0.06840689999808092,0.07974190000095405
270,0.008960100007243454,0.0017709999956423417,8.690000686328858e-05,0.000148899998748675,0.06716510000114795,0.07813200000964571
271,0.008864299990818836,0.0014205000043148175,7.090000144671649e-05,0.0001564999984111637,0.06727919999684673,0.07779139999183826
272,0.008503499993821606,0.0014132000069366768,8.929999603424221e-05,0.00016969999705906957,0.08239969999704044,0.09257539999089204
273,0.008987299996078946,0.0017897999932756647,7.829999958630651e-05,0.00013380000018514693,0.0683263000100851,0.07931549999921117
274,0.00862819999747444,0.0014364999951794744,7.740000728517771e-05,0.00013109999417793006,0.07157830000505783,0.08185149999917485
275,0.009768000003532507,0.0014725999935762957,8.190001244656742e-05,0.00011039999662898481,0.06899129999510478,0.08042420000128914
276,0.008631200005766004,0.002043000000412576,8.239998714998364e-05,0.0001520000078016892,0.07100029999855906,0.08190889999968931
277,0.009627700012060814,0.0017451999883633107,8.820000221021473e-05,0.0001503000094089657,0.08398309999029152,0.09559450000233483
278,0.008794499997748062,0.0013806000060867518,7.709999044891447e-05,0.00015260001237038523,0.06735789999947883,0.07776270000613295
279,0.009351800006697886,0.002648499998031184,8.339999476447701e-05,0.0002232000115327537,0.06857589998980984,0.08088280000083614
280,0.008724899991648272,0.001785800006473437,8.990000060293823e-05,0.00014829999417997897,0.06687249999959022,0.07762139999249484
281,0.00915040000109002,0.001385600000503473,6.86999992467463e-05,0.00013640000543091446,0.0714212999882875,0.08216239999455865
282,0.008100400009425357,0.0013039999903412536,9.910001244861633e-05,0.00013159999798517674,0.08600819999992382,0.09564330001012422
283,0.00956900000164751,0.0018356000073254108,8.079998951870948e-05,0.00013890000991523266,0.07053820000146516,0.08216250000987202
284,0.0089497000008123,0.0015456000110134482,0.00012259998766239733,0.0001396000006934628,0.06806640001013875,0.07882390001032036
285,0.008969199989223853,0.0016892999992705882,7.03000114299357e-05,0.00010559998918324709,0.06695200000831392,0.07778639999742154
286,0.008271799990325235,0.001353600004222244,8.670000534038991e-05,0.00012969999806955457,0.06293420000292826,0.07277600000088569
287,0.009417200009920634,0.0013907999964430928,7.03999976394698e-05,0.00013689999468624592,0.14979219999804627,0.16080749999673571
288,0.009467600000789389,0.00141789999906905,6.469999789260328e-05,0.00010869999823626131,0.06650119999540038,0.07756009999138769
289,0.008557199995266274,0.0016085999959614128,8.720000914763659e-05,0.00018619999173097312,0.06720570000470616,0.07764489999681246
290,0.00927110000338871,0.0012815999943995848,9.09000082174316e-05,0.00011039999662898481,0.07286459999158978,0.0836185999942245
291,0.00829100000555627,0.0017688999942038208,7.939999341033399e-05,0.0001525000116089359,0.08001059999514837,0.09030239999992773
292,0.009323899997980334,0.0024741999950492755,0.0002091000060318038,0.00018279999494552612,0.07233150000683963,0.08452150000084657
293,0.008505899997544475,0.0014241999888326973,7.320000440813601e-05,0.0001277999981539324,0.06738040001073387,0.0775114999996731
294,0.010012700004153885,0.0017939999961527064,7.900000491645187e-05,0.00013580000086221844,0.0772714999911841,0.08929299999726936
295,0.00800659999367781,0.0012186999956611544,6.289999873843044e-05,0.00010730000212788582,0.06968899999628775,0.07908449998649303
296,0.009748399999807589,0.0011521999986143783,5.9300000430084765e-05,0.00010340000153519213,0.07034089999797288,0.08140419999836013
297,0.008293499995488673,0.002469400002155453,7.329999061767012e-05,0.00015240001084748656,0.06938599998829886,0.08037459998740815
298,0.008535800006939098,0.0014226000057533383,8.55999969644472e-05,0.0001210999907925725,0.06733250000979751,0.07749760001024697
299,0.009359999996377155,0.003284000005805865,8.040000102482736e-05,0.0001576999929966405,0.07150489999912679,0.08438699999533128
300,0.009371699998155236,0.0015771999896969646,9.530001261737198e-05,0.00013219998800195754,0.06620570000086445,0.07738209998933598
Average,-,-,-,-,-,0.0
